Name,Address,Contact Info,Type of Business,type_dc_categories,SSL,Use Code,"Owner Name 
(as listed in https://mytax.dc.gov/_/#10)",Owner Type,Most Recent Sale_year,Most Recent Sale_amt,Most Recent Sale Notes,Land Area,Tax Class,Land Value - 2025,Building Value - 2025,Assessment Value (Total),Tax Relief,
6Co Eatery,1916 Martin Luther King Jr. Ave SE,(202) 808-4294,Restaurant,Food Services,5769- -0869,041 - Store-Small (1 Story),"RUMA, KAWSUR A",Individuals,2022,500000,,"1,393",2 - Commercial,101760,205740,307500,None,
ABG Mart,2216 Martin Luther King Jr. Ave SE,(2020) 627-2711,Convenience Store,Food Services,5791- -0004,042 - Store-Miscellaneous,SUGIL LIMITED LIABILITY COMPANY,,2017,525000,,"2,787",2 - Commercial,171600,424470,596070,None,
Above Standard Cleaning Company,1920 Naylor Rd SE ,(202) 341-8431,Cleaning Service,General Sales/Services Business,,,,,,,,,,,,,,
Anacostia Organics,2022 Martin Luther King Jr. Ave SE,(202) 845-8574,Medical Cannabis Dispensary ,"Regulated Business (funeral home, health spa, auto repair)",5773- -1023,042 - Store-Miscellaneous,J ROBERTS INVESTMENTS LLC,Real Estate Investment Company,2012,330000,,"5,064",2 - Commercial,267380,570450,837830,None,
Best Buffalo Wings and Seafood ,1916 Martin Luther King Jr Ave SE,(202) 525-2208,Restaurant,Food Services,5769- -0869,041 - Store-Small (1 Story),"RUMA, KAWSUR A",Individuals,2022,500000,,"1,393",2 - Commercial,101760,205740,307500,"$307,500.00 ",None
Busboys and Poets,2004 Martin Luther King Jr Ave SE,,Restaurant,Food Services,5773- -1024,049 - Commercial-Retail (Miscellaneous),FAR SOUTHEAST FAMILY STRENGTHENING COLLABORATIVE,Nonprofit,,,,"11,473",2 - Commercial,463050,1707210,2170260,None,
Caribbean Citations,1412 Marion Barry Ave SE,"(202) 355-0919
caribbeancitations@gmail.com",Restaurant,Food Services,"
5605- -0822",041 - Store-Small (1 Story),"NIKOLOW, DAVID",Individuals,2003,115000,,"2,716",2 - Commercial,167390,298650,466040,None,
Central Pharmacy Inc,2202 Martin Luther King Jr. Ave SE,(202) 678-6010,Pharmacy,Health Services,5791- -0011,042 - Store-Miscellaneous,"NELSON, DELMUS
NELSON, DELMUS J",Individuals,2024,,"Sales Code:
Buyer = Seller
Sales Type:
Improved",,,,,,,
Charnice Milton Community Bookstore,1918 Martin Luther King Jr. Ave SE,(888) 772-7448,Bookstore,General Sales/Services Business,5769- -0851,041 - Store-Small (1 Story),CHECK IT ENTERPRISES LLC,,2022,447120,,"1,900",2 - Commercial,124530,533410,657940,None,
Community Wellness Ventures ,1930 Martin Luther King Jr Ave SE,,Health Services,Health Services,5769- -0039,049 - Commercial-Retail (Miscellaneous),Q REALTY HOLDINGS LLC,Real Estate Investment Company,2000,,,"2,251",2 - Commercial,139610,192860,332470,None,
DC Pain & Rehab Center,2041 Martin Luther King Jr Ave SE,Dr. Nelsey (202) 610-0260/clergebooks@gmail.com ,Health Services,Health Services,5772- -1019,052 - Commercial-Office (Large),ANACOSTIA PROFESSIONAL BUILDING REVOCABLE TRUST,,2007,,,"50,864",2 - Commercial,4708480,16722040,21430520,None,
DCity Smokehouse,1301 Marion Barry Ave SE,(202) 222-0201,Restaurant,Food Services,5768- -0818,041 - Store-Small (1 Story),1301 GOOD HOPE ROAD LLC,,2015,1200000,,"12,400",2 - Commercial,500460,1123170,1623630,None,
Fifth of March DC,1348 Good Hope Rd SE,(202) 378-7020,Design Studio,General Sales/Services Business,5602- -0805,041 - Store-Small (1 Story),ASSET LENDING CORPORATION,Real Estate Investment Company,,,,"2,917",2 - Commercial,179280,403260,582540,None,
Frazier Mason Funeral Home,1661 Marion Barry Ave SE,,Funeral Home,"Regulated Business (funeral home, health spa, auto repair)",5765- -0893,089 - Special Purpose (Miscellaneous),LACROIX PROPERTIES LLC,,2014,1393500,,"5,368",2 - Commercial,273930,1635310,1909240,None,
Garden Supply / Good Hope Hydroponics,1113 Marion Barry Ave SE,,Garden Supply,General Sales/Services Business,5770- -0839,041 - Store-Small (1 Story),"1113 GOOD HOPE ROAD SE LLC
MLK GATEWAY PHASE II LAND LLC","Real Estate Investment Company, Government - DC",,,,"1,750",2 - Commercial,110140,148500,258640,None,
Get Strong Fitness,"2208 Martin Luther King Jr Ave SE, Washington, DC 20020",information page on website,Gym,"Regulated Business (funeral home, health spa, auto repair)",5791- -0819,042 - Store-Miscellaneous,PROJECT CREATE,Other Business = Owner,2020,1400000,,"2,714",2 - Commercial,167260,1140930,1308190,None,
Good Hope Carry Out,1350 Good Hope Rd SE,(202) 678-7383,Restaurant,Food Services,Not found,,,,,,,,,,,,,
Good Hope Deli and Market,1736 Good Hope Rd SE,,Convenience Store,Food Services,5612- -0826,042 - Store-Miscellaneous,JANE SHIN TRUSTEE,Individuals,2019,,"Sales Code:
Buyer = Seller
Sales Type:
Improved","19,477",2 - Commercial,786090,642700,1428790,None,
Grounded,1913 Martin Luther King Jr Ave SE,,Cafe & Retail,General Sales/Services Business,5770- -0840,042 - Store-Miscellaneous,"1113 GOOD HOPE ROAD SE LLC
MLK GATEWAY PHASE II LAND LLC","Real Estate Investment Company, Government - DC",,,,"32,875",2 - Commercial,2069120,29761960,31831080,None,
Jasmine's hair gallery ,2202 Martin Luther King Jr Ave SE,,Hair Salon / Barber Shop,"Beauty & Grooming Services (barber shop, hair salon, etc.)",5791- -0011,042 - Store-Miscellaneous,"NELSON, DELMUS
NELSON, DELMUS J",Individuals,2024,,"Sales Code:
Buyer = Seller
Sales Type:
Improved","2,360",2 - Commercial,146150,412390,558540,None,
Kinara Healthcare Services,2027 Martin Luther King Jr Ave SE,https://kinarahcs.com/,Health Services,Health Services,5772- -1017,042 - Store-Miscellaneous,CURTIS PROPERTIES INC,Real Estate Investment Company,1997,,,"2,400",2 - Commercial,148560,365030,513590,None,
King City Restaurant,2403 Martin Luther King Jr. Ave SE,(202) 889-6337,Restaurant,Food Services,5789- -0018,042 - Store-Miscellaneous,HMB MANAGEMENT LLC,,2013,290000,,"3,250",2 - Commercial,198840,278860,477700,None,
King's Cafe,2100 Martin Luther King Jr. Ave SE,(202) 889-0333,Restaurant,Food Services,5782- -0843,052 - Commercial-Office (Large),2100 MARTIN LUTHER KING ASSOCIATES LIMITED PARTNERSHIP,,,,,"28,507",2 - Commercial,2638610,16730450,19369060,None,
Kitchen Savages,1211 Good Hope Rd SE,(202) 931-1782,Restaurant,Food Services,5769- -1020,049 - Commercial-Retail (Miscellaneous),District of Columbia,Government - DC,,,,"13,236",2 - Commercial,1794540,7658520,9453060,None,
Mama's Pizza Kitchen,2028 Martin Luther King Jr Ave SE,202-734-3763,Restaurant,Food Services,5773- -0811,042 - Store-Miscellaneous,"SHAW, SYLVESTER",Individuals,,,,"1,530",2 - Commercial,107680,462130,569810,None,
Meridian Weight Loss Food Bar,"1736 Marion Barry Ave SE, Washington, DC",,Health Services,Health Services,5612- -0826,042 - Store-Miscellaneous,JANE SHIN TRUSTEE,Individuals,2019,,"Sales Code:
Buyer = Seller
Sales Type:
Improved","19,477",2 - Commercial,786090,642700,1428790,None,
MLK Gyro and Kabob,2122 Martin Luther King Jr. Ave SE,(202) 355-0100,Restaurant,Food Services,5782- -0078,042 - Store-Miscellaneous,2122 MLK LLC,,2018,404517,"Sales Code:
Buyer = Seller
Sales Type:
Improved","3,120",3 - Vacant,191220,234590,425810,None,
Moon Bounce and Party Rentals ,1429 Marion Barry Ave SE,,Entertainment,General Sales/Services Business,5767- -0313,042 - Store-Miscellaneous,NYA HEALTH SERVICES INC.,Other Business = Owner,2024,1046000,,"3,120",2 - Commercial,191220,570190,761410,None,
Nam's Market (The Blue Store),1327 W St SE,"(202) 889-0679
Number went to someone who didn't speak english and didnt seem to be in the store",Convenience Store,General Sales/Services Business,5793- -0853,041 - Store-Small (1 Story),"GONG JU LEE
YOUNG SOO AHN",Individuals,2011,70000,,,,,,,,
Niche by Nubian Hueman,1241 Marion Barry Ave SE,(202) 631-6291/service@nubianhueman.com,Apparel and more,General Sales/Services Business,5769- -0803,042 - Store-Miscellaneous,"HONFLEUR LIMITED
",,2011,,,"2,340",2 - Commercial,144940,333830,478770,None,
Nomad Shop DC,2026 Martin Luther King Jr Ave SE,(202) 313-7670,Tobacco Shop,General Sales/Services Business,5773- -0810,042 - Store-Miscellaneous,"NGUYEN, HUE THI",Individuals,2002,53000,,"1,274",2 - Commercial,96020,390710,486730,None,
Open Crumb,1243 Good Hope Rd SE,"(202) 610-9979
info@opencrumbdc.com
",Restaurant,Food Services,5769- -1016,042 - Store-Miscellaneous,GOODHOPE MANAGEMENT LLC,,2011,250000,,"2,288",2 - Commercial,141830,318380,460210,None,
Paola's Breakfast and Fry Chicken,1918 14th St SE,(202) 889-4444,Restaurant,Food Services,5767- -1019,044 - Store-Shopping Center-Mall,GOOD HOME INVESTMENTS LLC,Real Estate Investment Company,2012,2835000,,"37,440",2 - Commercial,1511080,2533940,4045020,None,
PJ's Barbers and Stylists,"2410 Martin Luther King Jr Ave SE, Washington, DC 20020",202-678-3195,Barber and Hair Stylists,"Beauty & Grooming Services (barber shop, hair salon, etc.)",NOT FOUND,,"Note: according to Kristina Noell, PJ owns her space",,,,,,,,,,,
Project Create Arts Center ,2208 Martin Luther King Jr. Ave,(202) 889 - 0655,Arts Center,Not For-Profit Business (nonprofit entity),5791- -0819,042 - Store-Miscellaneous,PROJECT CREATE,Business = Owner,2020,1400000,,"2,714",2 - Commercial,167260,1140930,1308190,None,
Teyarna's Touch,"2041 Martin Luther King Jr Ave SE Suite 106, Washington, DC 20020",information page on website,Massage Therapist,"Regulated Business (funeral home, health spa, auto repair)",5772- -1019,052 - Commercial-Office (Large),ANACOSTIA PROFESSIONAL BUILDING REVOCABLE TRUST,,2007,,,"50,864",2 - Commercial,4708480,16722040,21430520,None,
The Kitchen Physician,"1736 Marion Barry Ave SE, Washington, DC",(202) 809-3661,Alternative and Holistic Health Service,General Sales/Services Business,5612- -0826,042 - Store-Miscellaneous,JANE SHIN TRUSTEE,Individuals,2019,,"Sales Code: 
Buyer = Seller 
Sales Type: 
Improved","19,477",2 - Commercial,"$786,090.00 ","$642,700.00 ","$1,428,790.00 ",None,
Tony's Place DC,1400 Good Hope Rd SE,(202) 678-6633,Restaurant,Food Services,Not found,,,,,,,,,,,,,
Turning Natural,"2025 Martin Luther King Jr Ave SE, Washington, DC 20020",info@turningnatural.com,Juice Shop,Food Services,5772- -0831,042 - Store-Miscellaneous,"WHITE, H S
WHITE, T A",Individuals,,,,"2,400",2 - Commercial,148560,277800,426360,None,
Zemen Market,,,Convenience Store,General Sales/Services Business,No address to search,,,,,,,,,,,,,
